{
  "bounds": [
    5.055018095,
    51.486412745,
    5.059668985,
    51.492196814
  ],
  "minZoom": 14,
  "maxZoom": 22,
  "tileCount": 1,
  "epsg": 4326,
  "tileSize": 256,
  "format": "png"
}